date,count.0
2020-02-02,14.0
2020-02-03,15.0
2020-02-04,17.0
2020-02-05,17.0
2020-02-06,18.0
2020-02-07,18.0
2020-02-08,20.0
2020-02-09,21.0
2020-02-10,25.0
2020-02-11,28.0
2020-02-12,30.0
2020-02-13,31.0
2020-02-14,33.0
2020-02-15,38.0
2020-02-16,43.0
2020-02-17,46.0
2020-02-18,53.0
2020-02-19,56.0
2020-02-20,59.0
2020-02-21,65.0
2020-02-22,67.0
2020-02-23,69.0
2020-02-24,71.0
2020-02-25,80.0
2020-02-26,86.0
2020-02-27,101.0
2020-02-28,107.0
2020-02-29,121.0
2020-03-01,130.0
2020-03-02,158.0
2020-03-03,177.0
2020-03-04,192.0
2020-03-05,211.0
2020-03-06,246.0
2020-03-07,293.0
2020-03-08,336.0
2020-03-09,386.0
2020-03-10,478.0
2020-03-11,579.0
2020-03-12,715.0
2020-03-13,883.0
2020-03-14,1043.0
2020-03-15,1196.0
2020-03-16,1374.0
2020-03-17,1612.0
2020-03-18,1846.0
2020-03-19,2047.0
2020-03-20,2286.0
2020-03-21,2573.0
2020-03-22,2798.0
2020-03-23,3070.0
2020-03-24,3392.0
2020-03-25,3696.0
2020-03-26,4146.0
2020-03-27,4543.0
2020-03-28,4944.0
2020-03-29,5357.0
2020-03-30,5742.0
2020-03-31,6386.0
2020-04-01,7038.0
2020-04-02,7703.0
2020-04-03,8356.0
2020-04-04,9187.0
2020-04-05,9802.0
2020-04-06,10417.0
2020-04-07,10987.0
2020-04-08,11720.0
2020-04-09,12370.0
2020-04-10,12970.0
2020-04-11,13597.0
2020-04-12,14110.0
2020-04-13,14580.0
2020-04-14,15290.0
2020-04-15,16004.0
2020-04-16,16898.0
2020-04-17,17718.0
2020-04-18,18603.0
2020-04-19,19246.0
2020-04-20,19770.0
2020-04-21,20766.0
2020-04-22,21680.0
2020-04-23,22539.0
2020-04-24,23568.0
2020-04-25,24627.0
2020-04-26,25559.0
2020-04-27,26193.0
2020-04-28,27340.0
2020-04-29,28354.0
2020-04-30,29415.0
2020-05-01,30390.0
2020-05-02,31397.0
2020-05-03,32151.0
2020-05-04,32681.0
2020-05-05,33663.0
2020-05-06,34963.0
2020-05-07,36024.0
2020-05-08,37033.0
2020-05-09,38154.0
2020-05-10,38884.0
2020-05-11,39509.0
2020-05-12,40761.0
2020-05-13,41931.0
2020-05-14,42927.0
2020-05-15,44240.0
2020-05-16,45420.0
2020-05-17,46208.0
2020-05-18,46785.0
2020-05-19,48019.0
2020-05-20,49054.0
2020-05-21,50262.0
2020-05-22,51259.0
2020-05-23,52298.0
2020-05-24,53089.0
2020-05-25,53631.0
2020-05-26,54637.0
2020-05-27,56442.0
2020-05-28,57898.0
2020-05-29,59271.0
2020-05-30,60838.0
2020-05-31,61799.0
2020-06-01,62336.0
2020-06-02,63623.0
2020-06-03,65089.0
2020-06-04,66493.0
2020-06-05,68106.0
2020-06-06,69581.0
2020-06-07,70740.0
2020-06-08,71488.0
2020-06-09,73197.0
2020-06-10,74656.0
2020-06-11,76315.0
2020-06-12,77836.0
2020-06-13,79504.0
2020-06-14,80912.0
2020-06-15,81952.0
2020-06-16,84276.0
2020-06-17,86451.0
2020-06-18,88775.0
2020-06-19,91083.0
2020-06-20,93344.0
2020-06-21,95323.0
2020-06-22,96896.0
2020-06-23,99771.0
2020-06-24,102660.0
2020-06-25,105593.0
2020-06-26,108349.0
2020-06-27,111113.0
2020-06-28,113278.0
2020-06-29,115018.0
2020-06-30,118223.0
2020-07-01,121271.0
2020-07-02,124858.0
2020-07-03,128060.0
2020-07-04,130078.0
2020-07-05,131595.0
2020-07-06,133411.0
2020-07-07,136632.0
2020-07-08,140250.0
2020-07-09,143818.0
2020-07-10,147035.0
2020-07-11,150303.0
2020-07-12,152721.0
2020-07-13,154438.0
2020-07-14,157863.0
2020-07-15,161101.0
2020-07-16,164237.0
2020-07-17,167703.0
2020-07-18,170976.0
2020-07-19,173346.0
2020-07-20,174791.0
2020-07-21,178230.0
2020-07-22,181200.0
2020-07-23,184207.0
2020-07-24,186871.0
2020-07-25,189417.0
2020-07-26,191436.0
2020-07-27,192564.0
2020-07-28,195139.0
2020-07-29,197590.0
2020-07-30,199822.0
2020-07-31,201852.0
2020-08-01,203888.0
2020-08-02,205495.0
2020-08-03,206383.0
2020-08-04,208483.0
2020-08-05,210533.0
2020-08-06,212496.0
2020-08-07,214413.0
2020-08-08,216490.0
2020-08-09,217947.0
2020-08-10,218835.0
2020-08-11,220890.0
2020-08-12,222468.0
2020-08-13,223970.0
2020-08-14,225428.0
2020-08-15,226838.0
2020-08-16,228002.0
2020-08-17,228755.0
2020-08-18,230322.0
2020-08-19,231836.0
2020-08-20,233117.0
2020-08-21,234399.0
2020-08-22,235636.0
2020-08-23,236513.0
2020-08-24,237169.0
2020-08-25,238765.0
2020-08-26,240130.0
2020-08-27,241450.0
2020-08-28,242485.0
2020-08-29,243496.0
2020-08-30,244305.0
2020-08-31,244963.0
2020-09-01,246114.0
2020-09-02,247232.0
2020-09-03,248335.0
2020-09-04,249280.0
2020-09-05,250158.0
2020-09-06,250729.0
2020-09-07,251263.0
2020-09-08,251891.0
2020-09-09,252936.0
2020-09-10,253871.0
2020-09-11,254754.0
2020-09-12,255736.0
2020-09-13,256417.0
2020-09-14,256976.0
2020-09-15,258123.0
2020-09-16,259154.0
2020-09-17,260268.0
2020-09-18,261265.0
2020-09-19,262206.0
2020-09-20,262980.0
2020-09-21,263603.0
2020-09-22,264835.0
2020-09-23,265921.0
2020-09-24,266999.0
2020-09-25,268046.0
2020-09-26,269091.0
2020-09-27,269879.0
2020-09-28,270514.0
2020-09-29,271688.0
2020-09-30,272802.0
2020-10-01,274020.0
2020-10-02,275257.0
2020-10-03,276296.0
2020-10-04,277197.0
2020-10-05,277901.0
2020-10-06,279282.0
2020-10-07,280361.0
2020-10-08,281593.0
2020-10-09,282765.0
2020-10-10,283962.0
2020-10-11,285094.0
2020-10-12,285813.0
2020-10-13,287249.0
2020-10-14,288462.0
2020-10-15,289735.0
2020-10-16,291046.0
2020-10-17,292322.0
2020-10-18,293381.0
2020-10-19,294133.0
2020-10-20,295835.0
2020-10-21,297317.0
2020-10-22,298804.0
2020-10-23,300140.0
2020-10-24,301513.0
2020-10-25,302592.0
2020-10-26,303409.0
2020-10-27,304981.0
2020-10-28,306407.0
2020-10-29,307785.0
2020-10-30,309244.0
2020-10-31,310861.0
2020-11-01,312294.0
2020-11-02,313662.0
2020-11-03,316222.0
2020-11-04,318565.0
2020-11-05,321015.0
2020-11-06,323315.0
2020-11-07,325667.0
2020-11-08,327631.0
2020-11-09,329133.0
2020-11-10,332253.0
2020-11-11,335342.0
2020-11-12,338586.0
2020-11-13,341940.0
2020-11-14,345679.0
2020-11-15,348799.0
2020-11-16,351498.0
2020-11-17,356526.0
2020-11-18,361254.0
2020-11-19,366191.0
2020-11-20,370905.0
2020-11-21,375973.0
2020-11-22,379848.0
2020-11-23,383013.0
2020-11-24,389282.0
2020-11-25,395368.0
2020-11-26,401662.0
2020-11-27,404680.0
2020-11-28,409812.0
2020-11-29,416310.0
2020-11-30,421220.0
2020-12-01,431590.0
2020-12-02,442239.0
2020-12-03,452571.0
2020-12-04,462571.0
2020-12-05,472649.0
2020-12-06,481234.0
2020-12-07,487003.0
2020-12-08,500528.0
2020-12-09,514145.0
2020-12-10,526788.0
2020-12-11,540200.0
2020-12-12,554107.0
2020-12-13,565857.0
2020-12-14,572596.0
2020-12-15,590092.0
2020-12-16,607651.0
2020-12-17,623956.0
2020-12-18,640412.0
2020-12-19,655974.0
2020-12-20,668041.0
2020-12-21,675071.0
2020-12-22,693069.0
2020-12-23,712068.0
2020-12-24,729268.0
2020-12-25,738270.0
2020-12-26,742414.0
2020-12-27,756026.0
2020-12-28,764528.0
2020-12-29,785920.0
2020-12-30,808206.0
2020-12-31,828328.0
2021-01-01,839164.0
2021-01-02,844431.0
2021-01-03,858499.0
2021-01-04,866768.0
2021-01-05,888670.0
2021-01-06,908684.0
2021-01-07,927351.0
2021-01-08,943233.0
2021-01-09,958093.0
2021-01-10,968858.0
2021-01-11,974383.0
2021-01-12,988922.0
2021-01-13,1002073.0
2021-01-14,1013688.0
2021-01-15,1024322.0
2021-01-16,1034357.0
2021-01-17,1041377.0
2021-01-18,1045443.0
2021-01-19,1052041.0
2021-01-20,1061520.0
2021-01-21,1070165.0
2021-01-22,1077632.0
2021-01-23,1084261.0
2021-01-24,1088693.0
2021-01-25,1091886.0
2021-01-26,1098237.0
2021-01-27,1104159.0
2021-01-28,1109407.0
2021-01-29,1114166.0
2021-01-30,1118050.0
2021-01-31,1121514.0
2021-02-01,1123876.0
2021-02-02,1128475.0
2021-02-03,1132282.0
2021-02-04,1135647.0
2021-02-05,1138709.0
2021-02-06,1141494.0
2021-02-07,1143584.0
2021-02-08,1144934.0
2021-02-09,1147680.0
2021-02-10,1149767.0
2021-02-11,1151727.0
2021-02-12,1153463.0
2021-02-13,1155091.0
2021-02-14,1156294.0
2021-02-15,1157152.0
2021-02-16,1158489.0
2021-02-17,1159880.0
2021-02-18,1161134.0
2021-02-19,1162195.0
2021-02-20,1163149.0
2021-02-21,1163900.0
2021-02-22,1164461.0
2021-02-23,1165492.0
2021-02-24,1166357.0
2021-02-25,1167217.0
2021-02-26,1167972.0
2021-02-27,1168709.0
2021-02-28,1169277.0
2021-03-01,1169768.0
2021-03-02,1170543.0
2021-03-03,1171189.0
2021-03-04,1171828.0
2021-03-05,1172462.0
2021-03-06,1173071.0
2021-03-07,1173554.0
2021-03-08,1173986.0
2021-03-09,1174705.0
2021-03-10,1175316.0
2021-03-11,1175911.0
2021-03-12,1176454.0
2021-03-13,1176982.0
2021-03-14,1177377.0
2021-03-15,1177692.0
2021-03-16,1178259.0
2021-03-17,1178817.0
2021-03-18,1179336.0
2021-03-19,1179783.0
2021-03-20,1180209.0
2021-03-21,1180544.0
2021-03-22,1180839.0
2021-03-23,1181361.0
2021-03-24,1181864.0
2021-03-25,1182376.0
2021-03-26,1182846.0
2021-03-27,1183273.0
2021-03-28,1183608.0
2021-03-29,1183921.0
2021-03-30,1184471.0
2021-03-31,1184961.0
2021-04-01,1185450.0
2021-04-02,1185909.0
2021-04-03,1186396.0
2021-04-04,1186705.0
2021-04-05,1187003.0
2021-04-06,1187544.0
2021-04-07,1188077.0
2021-04-08,1188581.0
2021-04-09,1189013.0
2021-04-10,1189510.0
2021-04-11,1189873.0
2021-04-12,1190142.0
2021-04-13,1190650.0
2021-04-14,1191145.0
2021-04-15,1191595.0
2021-04-16,1191990.0
2021-04-17,1192383.0
2021-04-18,1192681.0
2021-04-19,1192935.0
2021-04-20,1193386.0
2021-04-21,1193761.0
2021-04-22,1194102.0
2021-04-23,1194438.0
2021-04-24,1194755.0
2021-04-25,1195018.0
2021-04-26,1195239.0
2021-04-27,1195568.0
2021-04-28,1195890.0
2021-04-29,1196208.0
2021-04-30,1196502.0
2021-05-01,1196776.0
2021-05-02,1196983.0
2021-05-03,1197150.0
2021-05-04,1197496.0
2021-05-05,1197760.0
2021-05-06,1198046.0
2021-05-07,1198307.0
2021-05-08,1198546.0
2021-05-09,1198715.0
2021-05-10,1198862.0
2021-05-11,1199118.0
2021-05-12,1199373.0
2021-05-13,1199604.0
2021-05-14,1199782.0
2021-05-15,1199970.0
2021-05-16,1200102.0
2021-05-17,1200223.0
2021-05-18,1200441.0
2021-05-19,1200612.0
2021-05-20,1200789.0
2021-05-21,1200980.0
2021-05-22,1201135.0
2021-05-23,1201244.0
2021-05-24,1201350.0
2021-05-25,1201531.0
2021-05-26,1201703.0
2021-05-27,1201878.0
2021-05-28,1202042.0
2021-05-29,1202201.0
2021-05-30,1202308.0
2021-05-31,1202431.0
2021-06-01,1202533.0
2021-06-02,1202773.0
2021-06-03,1203006.0
2021-06-04,1203206.0
2021-06-05,1203378.0
2021-06-06,1203496.0
2021-06-07,1203622.0
2021-06-08,1203818.0
2021-06-09,1204037.0
2021-06-10,1204230.0
2021-06-11,1204412.0
2021-06-12,1204572.0
2021-06-13,1204716.0
2021-06-14,1204852.0
2021-06-15,1205112.0
2021-06-16,1205337.0
2021-06-17,1205563.0
2021-06-18,1205786.0
2021-06-19,1205995.0
2021-06-20,1206151.0
2021-06-21,1206347.0
2021-06-22,1206639.0
2021-06-23,1206926.0
2021-06-24,1207238.0
2021-06-25,1207575.0
2021-06-26,1207897.0
2021-06-27,1208170.0
2021-06-28,1208470.0
2021-06-29,1209010.0
2021-06-30,1209523.0
2021-07-01,1210124.0
2021-07-02,1210790.0
2021-07-03,1211383.0
2021-07-04,1211851.0
2021-07-05,1212275.0
2021-07-06,1213113.0
2021-07-07,1214289.0
2021-07-08,1215496.0
2021-07-09,1216659.0
2021-07-10,1217858.0
2021-07-11,1218848.0
2021-07-12,1219858.0
2021-07-13,1221587.0
2021-07-14,1223348.0
2021-07-15,1225177.0
2021-07-16,1227170.0
2021-07-17,1229127.0
2021-07-18,1230596.0
2021-07-19,1232082.0
2021-07-20,1234725.0
2021-07-21,1237289.0
2021-07-22,1240037.0
2021-07-23,1242403.0
2021-07-24,1244758.0
2021-07-25,1246669.0
2021-07-26,1248406.0
2021-07-27,1251769.0
2021-07-28,1255048.0
2021-07-29,1258415.0
2021-07-30,1261500.0
2021-07-31,1264511.0
2021-08-01,1266723.0
2021-08-02,1268695.0
2021-08-03,1272270.0
2021-08-04,1275906.0
2021-08-05,1279566.0
2021-08-06,1282848.0
2021-08-07,1285841.0
2021-08-08,1287995.0
2021-08-09,1289444.0
2021-08-10,1292928.0
2021-08-11,1296167.0
2021-08-12,1299723.0
2021-08-13,1303124.0
2021-08-14,1306258.0
2021-08-15,1308424.0
2021-08-16,1309479.0
2021-08-17,1311181.0
2021-08-18,1314186.0
2021-08-19,1314228.0
2021-08-20,1314228.0
2021-08-21,1323886.0
2021-08-22,1326132.0
2021-08-23,1328474.0
2021-08-24,1331096.0
2021-08-25,1335969.0
2021-08-26,1336754.0
2021-08-27,1336778.0
2021-08-28,1342270.0
2021-08-29,1344661.0
2021-08-30,1346358.0
2021-08-31,1348267.0
2021-09-01,1350826.0
2021-09-02,1350877.0
2021-09-03,1350877.0
2021-09-04,1350877.0
2021-09-05,1359083.0
2021-09-06,1360128.0
2021-09-07,1360180.0
2021-09-08,1363433.0
2021-09-09,1363508.0
2021-09-10,1363508.0
2021-09-11,1365740.0
2021-09-12,1371175.0
2021-09-13,1372540.0
2021-09-14,1374028.0
2021-09-15,1374080.0
2021-09-16,1374080.0
2021-09-17,1374080.0
2021-09-18,1380943.0
2021-09-19,1381953.0
2021-09-20,1382993.0
2021-09-21,1384453.0
2021-09-22,1386118.0
2021-09-23,1386188.0
2021-09-24,1386188.0
2021-09-25,1390319.0
2021-09-26,1391274.0
2021-09-27,1392139.0
2021-09-28,1392215.0
2021-09-29,1394796.0
2021-09-30,1394841.0
2021-10-01,1394841.0
2021-10-02,1398546.0
2021-10-03,1399356.0
2021-10-04,1400021.0
2021-10-05,1401401.0
2021-10-06,1402548.0
2021-10-07,1402580.0
2021-10-08,1402580.0
2021-10-09,1405774.0
2021-10-10,1405804.0
2021-10-11,1407189.0
2021-10-12,1407232.0
2021-10-13,1409912.0
2021-10-14,1409188.0
2021-10-15,1411708.0
2021-10-16,1412748.0
2021-10-17,1413385.0
2021-10-18,1414010.0
2021-10-19,1414658.0
2021-10-20,1414701.0
2021-10-21,1414701.0
2021-10-22,1414701.0
2021-10-23,1420632.0
2021-10-24,1421352.0
2021-10-25,1421535.0
2021-10-26,1423579.0
2021-10-27,1423974.0
2021-10-28,1424065.0
2021-10-29,1427141.0
2021-10-30,1428254.0
2021-10-31,1429150.0
2021-11-01,1430294.0
2021-11-02,1432178.0
2021-11-03,1432855.0
2021-11-04,1432902.0
2021-11-05,1436526.0
2021-11-06,1437094.0
2021-11-07,1438891.0
2021-11-08,1439384.0
2021-11-09,1439384.0
2021-11-10,1440262.0
2021-11-11,1440262.0
2021-11-12,1443701.0
2021-11-13,1445579.0
2021-11-14,1446349.0
2021-11-15,1447007.0
2021-11-16,1447722.0
2021-11-17,1447781.0
2021-11-18,1451508.0
2021-11-19,1452469.0
2021-11-20,1453442.0
2021-11-21,1453015.0
2021-11-22,1453779.0
2021-11-23,1454329.0
2021-11-24,1454329.0
2021-11-25,1454329.0
2021-11-26,1457872.0
2021-11-27,1458445.0
2021-11-28,1459670.0
2021-11-29,1460339.0
2021-11-30,1461203.0
2021-12-01,1463024.0
2021-12-02,1463105.0
2021-12-03,1467855.0
2021-12-04,1468731.0
2021-12-05,1470660.0
2021-12-06,1471227.0
2021-12-07,1472197.0
2021-12-08,1472245.0
2021-12-09,1476809.0
2021-12-10,1478152.0
2021-12-11,1478857.0
2021-12-12,1478889.0
2021-12-13,1481397.0
2021-12-14,1483586.0
2021-12-15,1484588.0
2021-12-16,1489650.0
2021-12-17,1492799.0
2021-12-18,1497016.0
2021-12-19,1501213.0
2021-12-20,1503921.0
2021-12-21,1510128.0
2021-12-22,1514940.0
2021-12-23,1515304.0
2021-12-24,1548928.0
2021-12-25,1555254.0
2021-12-26,1560450.0
2021-12-27,1561008.0
2021-12-28,1561624.0
2021-12-29,1576246.0
2021-12-30,1576246.0
2021-12-31,1675080.0
2022-01-01,1695146.0
2022-01-02,1708180.0
2022-01-03,1717585.0
2022-01-04,1728398.0
2022-01-05,1729464.0
2022-01-06,1863398.0
2022-01-07,1863398.0
2022-01-08,1950144.0
2022-01-09,1988884.0
2022-01-10,2016574.0
2022-01-11,2039221.0
2022-01-12,2047298.0
2022-01-13,2004893.0
2022-01-14,2191301.0
2022-01-15,2191301.0
2022-01-16,2241729.0
2022-01-17,2265188.0
2022-01-18,2276388.0
2022-01-19,2343261.0
2022-01-20,2367401.0
2022-01-21,2384427.0
2022-01-22,2390482.0
2022-01-23,2430653.0
2022-01-24,2453693.0
2022-01-25,2468026.0
2022-01-26,2472960.0
2022-01-27,2515921.0
2022-01-28,2525318.0
2022-01-29,2538458.0
2022-01-30,2547149.0
2022-01-31,2556654.0
2022-02-01,2568517.0
2022-02-02,2572227.0
2022-02-03,2572466.0
2022-02-04,2599553.0
2022-02-05,2606095.0
2022-02-06,2610170.0
2022-02-07,2611127.0
2022-02-08,2611361.0
2022-02-09,2611378.0
2022-02-10,2616192.0
2022-02-11,2630879.0
2022-02-12,2635680.0
2022-02-13,2637901.0
2022-02-14,2639546.0
2022-02-15,2639735.0
2022-02-16,2639747.0
2022-02-17,2639747.0
2022-02-18,2642611.0
2022-02-19,2656546.0
2022-02-20,2657926.0
2022-02-21,2659199.0
2022-02-22,2660577.0
2022-02-23,2660691.0
2022-02-24,2660707.0
2022-02-25,2666463.0
2022-02-26,2666514.0
2022-02-27,2669149.0
2022-02-28,2669902.0
2022-03-01,2671175.0
2022-03-02,2671247.0
2022-03-03,2671297.0
2022-03-04,2675175.0
2022-03-05,2676673.0
2022-03-06,2676846.0
2022-03-07,2677516.0
2022-03-08,2678516.0
2022-03-09,2678574.0
2022-03-10,2678590.0
2022-03-11,2683054.0
2022-03-12,2683083.0
2022-03-13,2684788.0
2022-03-14,2685487.0
2022-03-15,2686452.0
2022-03-16,2686487.0
2022-03-17,2686491.0
2022-03-18,2686491.0
2022-03-19,2694432.0
2022-03-20,2696836.0
2022-03-21,2697386.0
2022-03-22,2697717.0
2022-03-23,2697758.0
2022-03-24,2697760.0
2022-03-25,2700680.0
2022-03-26,2701564.0
2022-03-27,2702686.0
2022-03-28,2702973.0
2022-03-29,2703258.0
2022-03-30,2703296.0
2022-03-31,2703299.0
2022-04-01,2706275.0
2022-04-02,2706862.0
2022-04-03,2707029.0
2022-04-04,2708138.0
2022-04-05,2709033.0
2022-04-06,2709457.0
2022-04-07,2709466.0
2022-04-08,2709466.0
2022-04-09,2709466.0
2022-04-10,2715282.0
2022-04-11,2715442.0
2022-04-12,2715452.0
2022-04-13,2717194.0
2022-04-14,2717208.0
2022-04-15,2717208.0
2022-04-16,2717208.0
2022-04-17,2721413.0
2022-04-18,2721427.0
2022-04-19,2724670.0
2022-04-20,2725352.0
2022-04-21,2725359.0
2022-04-22,2725359.0
2022-04-23,2731359.0
2022-04-24,2731710.0
2022-04-25,2731719.0
2022-04-26,2731719.0
2022-04-27,2736607.0
2022-04-28,2736632.0
2022-04-29,2736632.0
2022-04-30,2744096.0
2022-05-01,2746871.0
2022-05-02,2747889.0
2022-05-03,2750050.0
2022-05-04,2751196.0
2022-05-05,2751220.0
2022-05-06,2751220.0
2022-05-07,2760495.0
2022-05-08,2761130.0
2022-05-09,2764752.0
2022-05-10,2767368.0
2022-05-11,2768445.0
2022-05-12,2768470.0
2022-05-13,2768470.0
2022-05-14,2768470.0
2022-05-15,2780069.0
2022-05-16,2785920.0
2022-05-17,2789564.0
2022-05-18,2791266.0
2022-05-19,2791413.0
2022-05-20,2791413.0
2022-05-21,2805577.0
2022-05-22,2806452.0
2022-05-23,2806512.0
2022-05-24,2806512.0
2022-05-25,2806512.0
2022-05-26,2818883.0
2022-05-27,2818883.0
2022-05-28,2835515.0
2022-05-29,2836535.0
2022-05-30,2841989.0
2022-05-31,2843393.0
2022-06-01,2846542.0
2022-06-02,2846726.0
2022-06-03,2846726.0
2022-06-04,2846726.0
2022-06-05,2846726.0
2022-06-06,2865639.0
2022-06-07,2865639.0
2022-06-08,2865639.0
2022-06-09,2865639.0
2022-06-10,2878717.0
2022-06-11,2878717.0
2022-06-12,2896983.0
2022-06-13,2897034.0
2022-06-14,2907470.0
2022-06-15,2908890.0
2022-06-16,2908936.0
2022-06-17,2921643.0
2022-06-18,2927077.0
2022-06-19,2929629.0
2022-06-20,2931466.0
2022-06-21,2934532.0
2022-06-22,2936472.0
2022-06-23,2936561.0
2022-06-24,2950937.0
2022-06-25,2954122.0
2022-06-26,2955141.0
2022-06-27,2955235.0
2022-06-28,2955235.0
2022-06-29,2981109.0
2022-06-30,2987017.0
2022-07-01,2992625.0
2022-07-02,2997947.0
2022-07-03,3001383.0
2022-07-04,3004040.0
2022-07-05,3006741.0
2022-07-06,3015131.0
2022-07-07,3021962.0
2022-07-08,3028368.0
2022-07-09,3034668.0
2022-07-10,3038894.0
2022-07-11,3024698.0
2022-07-12,3024698.0
2022-07-13,3024698.0
2022-07-14,3058047.0
2022-07-15,3062981.0
2022-07-16,3072000.0
2022-07-17,3075749.0
2022-07-18,3078420.0
2022-07-19,3082767.0
2022-07-20,3084954.0
2022-07-21,3085117.0
2022-07-22,3102534.0
2022-07-23,3105480.0
2022-07-24,3106712.0
2022-07-25,3106804.0
2022-07-26,3106804.0
2022-07-27,3129508.0
2022-07-28,3133827.0
2022-07-29,3136813.0
2022-07-30,3139609.0
2022-07-31,3140602.0
2022-08-01,3140696.0
2022-08-02,3151836.0
2022-08-03,3153408.0
2022-08-04,3153498.0
2022-08-05,3164613.0
2022-08-06,3166961.0
2022-08-07,3167786.0
2022-08-08,3167847.0
2022-08-09,3176268.0
2022-08-10,3177442.0
2022-08-11,3177511.0
2022-08-12,3187824.0
2022-08-13,3189779.0
2022-08-14,3190501.0
2022-08-15,3190552.0
2022-08-16,3198661.0
2022-08-17,3199694.0
2022-08-18,3199767.0
2022-08-19,3208800.0
2022-08-20,3210491.0
2022-08-21,3211012.0
2022-08-22,3211065.0
2022-08-23,3218011.0
2022-08-24,3219017.0
2022-08-25,3219072.0
2022-08-26,3226424.0
2022-08-27,3227815.0
2022-08-28,3228258.0
2022-08-29,3228294.0
2022-08-30,3228294.0
2022-08-31,3234942.0
2022-09-01,3234984.0
2022-09-02,3234984.0
2022-09-03,3234984.0
2022-09-04,3234984.0
2022-09-05,3242094.0
2022-09-06,3242094.0
2022-09-07,3242094.0
2022-09-08,3242094.0
2022-09-09,3242094.0
2022-09-10,3246144.0
2022-09-11,3246144.0
2022-09-12,3246144.0
2022-09-13,3246144.0
2022-09-14,3246144.0
2022-09-15,3253648.0
2022-09-16,3253648.0
2022-09-17,3253648.0
2022-09-18,3253648.0
2022-09-19,3253648.0
2022-09-20,3253648.0
2022-09-21,3253648.0
2022-09-22,3263252.0
2022-09-23,3263252.0
2022-09-24,3263252.0
2022-09-25,3271160.0
2022-09-26,3271355.0
2022-09-27,3271401.0
2022-09-28,3271401.0
2022-09-29,3271401.0
2022-09-30,3271401.0
2022-10-01,3271401.0
2022-10-02,3271401.0
2022-10-03,3271401.0
2022-10-04,3271401.0
2022-10-05,3278705.0
2022-10-06,3278705.0
2022-10-07,3278705.0
2022-10-08,3278705.0
2022-10-09,3278705.0
2022-10-10,3278705.0
2022-10-11,3278705.0
2022-10-12,3278705.0
2022-10-13,3285127.0
2022-10-14,3285127.0
2022-10-15,3285127.0
2022-10-16,3289529.0
2022-10-17,3289544.0
2022-10-18,3289556.0
2022-10-19,3289556.0
2022-10-20,3289556.0
2022-10-21,3289556.0
2022-10-22,3289556.0
2022-10-23,3289556.0
2022-10-24,3298257.0
2022-10-25,3298293.0
2022-10-26,3298293.0
2022-10-27,3298293.0
2022-10-28,3298293.0
2022-10-29,3298293.0
2022-10-30,3298293.0
2022-10-31,3298293.0
2022-11-01,3298293.0
2022-11-02,3298293.0
2022-11-03,3298293.0
2022-11-04,3304172.0
2022-11-05,3304172.0
2022-11-06,3304172.0
2022-11-07,3304172.0
2022-11-08,3311391.0
2022-11-09,3311391.0
2022-11-10,3311391.0
2022-11-11,3311391.0
2022-11-12,3311391.0
2022-11-13,3311391.0
2022-11-14,3324636.0
2022-11-15,3326540.0
2022-11-16,3320151.0
2022-11-17,3320151.0
2022-11-18,3320151.0
2022-11-19,3320151.0
2022-11-20,3320151.0
2022-11-21,3320151.0
2022-11-22,3339211.0
2022-11-23,3332068.0
2022-11-24,3332068.0
2022-11-25,3332068.0
2022-11-26,3332068.0
2022-11-27,3332068.0
2022-11-28,3346626.0
2022-11-29,3346699.0
2022-11-30,3346699.0
2022-12-01,3346699.0
2022-12-02,3346699.0
2022-12-03,3346699.0
2022-12-04,3346699.0
2022-12-05,3370534.0
2022-12-06,3370646.0
2022-12-07,3370646.0
2022-12-08,3370646.0
2022-12-09,3370646.0
2022-12-10,3370646.0
2022-12-11,3370646.0
2022-12-12,3370646.0
2022-12-13,3370646.0
2022-12-14,3390076.0
2022-12-15,3390076.0
2022-12-16,3390076.0
2022-12-17,3390076.0
2022-12-18,3390076.0
2022-12-19,3409130.0
2022-12-20,3411742.0
2022-12-21,3414187.0
2022-12-22,3416156.0
2022-12-23,3417660.0
2022-12-24,3419029.0
2022-12-25,3419672.0
2022-12-26,3420005.0
2022-12-27,3420119.0
2022-12-28,3420119.0
2022-12-29,3420119.0
2022-12-30,3420119.0
2022-12-31,3420119.0
2023-01-01,3420119.0
2023-01-02,3420119.0
2023-01-03,3433929.0
2023-01-04,3433929.0
2023-01-05,3433929.0
2023-01-06,3433929.0
2023-01-07,3433929.0
2023-01-08,3433929.0
2023-01-09,3445989.0
2023-01-10,3447247.0
2023-01-11,3448295.0
2023-01-12,3449312.0
2023-01-13,3450050.0
2023-01-14,3450670.0
2023-01-15,3451023.0
2023-01-16,3453860.0
2023-01-17,3454617.0
2023-01-18,3455680.0
2023-01-19,3456515.0
2023-01-20,3457274.0
2023-01-21,3457987.0
2023-01-22,3458442.0
2023-01-23,3458919.0
2023-01-24,3459798.0
2023-01-25,3460648.0
2023-01-26,3461390.0
2023-01-27,3461956.0
2023-01-28,3462527.0
2023-01-29,3462862.0
2023-01-30,3463033.0
2023-01-31,3463094.0
2023-02-01,3463094.0
2023-02-02,3463094.0
2023-02-03,3463094.0
2023-02-04,3463094.0
2023-02-05,3463094.0
2023-02-06,3471666.0
2023-02-07,3472787.0
2023-02-08,3473733.0
2023-02-09,3474700.0
2023-02-10,3475530.0
2023-02-11,3476316.0
2023-02-12,3476920.0
2023-02-13,3477509.0
2023-02-14,3478502.0
2023-02-15,3479377.0
2023-02-16,3480233.0
2023-02-17,3481089.0
2023-02-18,3481836.0
2023-02-19,3482314.0
2023-02-20,3482784.0
2023-02-21,3483600.0
2023-02-22,3484642.0
2023-02-23,3485533.0
2023-02-24,3486307.0
2023-02-25,3486858.0
2023-02-26,3487168.0
2023-02-27,3487316.0
2023-02-28,3487352.0
2023-03-01,3487352.0
2023-03-02,3487352.0
2023-03-03,3487352.0
2023-03-04,3487352.0
2023-03-05,3487352.0
2023-03-06,3494381.0
2023-03-07,3495127.0
2023-03-08,3495694.0
2023-03-09,3496313.0
2023-03-10,3496929.0
2023-03-11,3497421.0
2023-03-12,3497783.0
2023-03-13,3498082.0
2023-03-14,3498782.0
2023-03-15,3499288.0
2023-03-16,3499725.0
2023-03-17,3500176.0
2023-03-18,3500546.0
2023-03-19,3500753.0
2023-03-20,3500870.0
2023-03-21,3500885.0
2023-03-22,3500885.0
2023-03-23,3500885.0
2023-03-24,3500885.0
2023-03-25,3500885.0
2023-03-26,3504221.0
2023-03-27,3504337.0
2023-03-28,3504352.0
2023-03-29,3504352.0
2023-03-30,3504352.0
2023-03-31,3504352.0
2023-04-01,3504352.0
2023-04-02,3507447.0
2023-04-03,3507650.0
2023-04-04,3508066.0
2023-04-05,3508424.0
2023-04-06,3508772.0
2023-04-07,3509118.0
2023-04-08,3509446.0
2023-04-09,3509709.0
2023-04-10,3509881.0
2023-04-11,3510384.0
2023-04-12,3510690.0
2023-04-13,3510933.0
2023-04-14,3511193.0
2023-04-15,3511384.0
2023-04-16,3511520.0
2023-04-17,3512802.0
2023-04-18,3513154.0
2023-04-19,3513485.0
2023-04-20,3513761.0
2023-04-21,3514067.0
2023-04-22,3514314.0
2023-04-23,3514506.0
2023-04-24,3514680.0
2023-04-25,3514999.0
2023-04-26,3515265.0
2023-04-27,3515490.0
2023-04-28,3515699.0
2023-04-29,3516321.0
2023-04-30,3516505.0
2023-05-01,3516654.0
2023-05-02,3516941.0
2023-05-03,3517182.0
2023-05-04,3517364.0
2023-05-05,3517549.0
2023-05-06,3517710.0
2023-05-07,3517803.0
2023-05-08,3517879.0
2023-05-09,3517896.0
2023-05-10,3517896.0
2023-05-11,3517896.0
2023-05-12,3517896.0
2023-05-13,3517896.0
2023-05-15,3520366.0
2023-05-16,3520630.0
2023-05-17,3520848.0
2023-05-18,3521017.0
2023-05-19,3521167.0
2023-05-20,3521279.0
2023-05-21,3521382.0
2023-05-22,3521436.0
2023-05-23,3522133.0
2023-05-24,3522369.0
2023-05-25,3522521.0
2023-05-26,3522654.0
2023-05-27,3522764.0
2023-05-28,3522843.0
2023-05-29,3522905.0
2023-06-12,3527093.0
2023-06-13,3527317.0
2023-06-14,3527569.0
2023-06-15,3527803.0
2023-06-16,3527988.0
2023-06-17,3528174.0
2023-06-18,3528306.0
2023-06-19,3528424.0
2023-06-20,3528643.0
2023-06-21,3528837.0
2023-06-22,3528994.0
2023-06-23,3529156.0
2023-06-24,3529284.0
2023-06-25,3529360.0
2023-06-26,3529417.0
2023-06-27,3529436.0
2023-06-28,3529436.0
2023-06-29,3529436.0
2023-06-30,3529436.0
2023-07-01,3531300.0
2023-07-02,3531463.0
2023-07-03,3531563.0
2023-07-04,3531755.0
2023-07-05,3531877.0
2023-07-06,3532157.0
2023-07-07,3532384.0
2023-07-08,3532612.0
2023-07-09,3532761.0
2023-07-10,3532920.0
2023-07-11,3533180.0
2023-07-12,3533395.0
2023-07-13,3533569.0
2023-07-14,3533727.0
2023-07-15,3533901.0
2023-07-16,3533991.0
2023-07-17,3534073.0
2023-07-18,3534088.0
2023-07-19,3534088.0
2023-07-20,3534088.0
2023-07-21,3534088.0
2023-07-22,3534088.0
2023-07-23,3534088.0
